Ilya,463274506, /hi
Ilya,463274506, /sum 25 36
Ilya,463274506, /time
Ilya,463274506, /help
Ilya,463274506, /w_d
Ilya,463274506, /w_d אבגדה 1258 אגב בגא
Ilya,463274506, /w_d אבגדה חהוס ט סויקאס באגדאבג
Ilya,463274506, /mix 1 2 3 6 5 9 8 5 3
Ilya,463274506, /mix
Ilya,463274506, /mix 1 2 3 6 5 4
Ilya,463274506, /mix
Ilya,463274506, /mix 1 2 3 4 5 6
Ilya,463274506, /mix
Ilya,463274506, /mix
Ilya,463274506, /mix
Ilya,463274506, /mix 1 2 3 4 5 6
Ilya,463274506, /mix 123456
Ilya,463274506, /mix
Ilya,463274506, /mix 1 3 8 8 3 6
